ID_CARTERA,ORDEN_ID_LIMPIO,ID_ORDEN,TIPO,CATEGORIA_MOVIMIENTO,MOTIVO,MONTO,SALDO_POSTERIOR,ES_INGRESO,ES_EGRESO,TOTAL DE LA ORDEN,GANANCIA,TRANSPORTADORA,DIA,HORA,DIA_SEMANA,MES,AÃ‘O
118531321,43058843,43058843.0,SALIDA,ASOCIADO A ORDEN,FLETE,12049.0,1684824.7,False,True,139900.0,82954.5,INTERRAPIDISIMO,2025-06-13,12:02:00,Friday,6,2025
118491730,43166015,43166015.0,ENTRADA,ASOCIADO A ORDEN,GANANCIA,36953.5,1696873.7,True,False,69900.0,36953.5,VELOCES,2025-06-13,00:27:00,Friday,6,2025
118478071,43121642,43121642.0,ENTRADA,ASOCIADO A ORDEN,GANANCIA,34236.5,1659920.2,True,False,69900.0,34236.5,ENVIA,2025-06-13,00:24:00,Friday,6,2025
118443351,43011547,43011547.0,ENTRADA,ASOCIADO A ORDEN,GANANCIA,39900.0,1625683.7,True,False,69900.0,39900.0,JAMV-DRIVE,2025-06-13,00:16:00,Friday,6,2025
118431787,42970302,42970302.0,ENTRADA,ASOCIADO A ORDEN,GANANCIA,34236.5,1585783.7,True,False,69900.0,34236.5,ENVIA,2025-06-13,00:13:00,Friday,6,2025
118418905,42914941,42914941.0,ENTRADA,ASOCIADO A ORDEN,GANANCIA,36104.5,1551547.2,True,False,69900.0,36104.5,INTERRAPIDISIMO,2025-06-13,00:10:00,Friday,6,2025
118415994,42899650,42899650.0,ENTRADA,ASOCIADO A ORDEN,GANANCIA,34236.5,1515442.7,True,False,69900.0,34236.5,ENVIA,2025-06-13,00:10:00,Friday,6,2025
118408555,42847540,42847540.0,ENTRADA,ASOCIADO A ORDEN,GANANCIA,78404.5,1481206.2,True,False,139900.0,78404.5,INTERRAPIDISIMO,2025-06-13,00:08:00,Friday,6,2025
118371777,41644860,41644860.0,ENTRADA,ASOCIADO A ORDEN,GANANCIA,30599.5,1402801.7,True,False,68900.0,30599.5,INTERRAPIDISIMO,2025-06-13,00:00:00,Friday,6,2025
118345625,41694431,41694431.0,SALIDA,ASOCIADO A ORDEN,FLETE,13500.0,1372202.2,False,True,72900.0,35900.0,DOMINA,2025-06-12,10:00:00,Thursday,6,2025
118328660,43170280,43170280.0,ENTRADA,ASOCIADO A ORDEN,GANANCIA,84542.5,1385702.2,True,False,139900.0,84542.5,ENVIA,2025-06-12,02:35:00,Thursday,6,2025
118324392,43136787,43136787.0,ENTRADA,ASOCIADO A ORDEN,GANANCIA,55704.5,1301159.7,True,False,109900.0,55704.5,INTERRAPIDISIMO,2025-06-12,02:34:00,Thursday,6,2025
118278648,43007191,43007191.0,ENTRADA,ASOCIADO A ORDEN,GANANCIA,30983.0,1245455.2,True,False,69900.0,30983.0,COORDINADORA,2025-06-12,00:23:00,Thursday,6,2025
118275532,42996933,42996933.0,ENTRADA,ASOCIADO A ORDEN,GANANCIA,36953.5,1214472.2,True,False,69900.0,36953.5,VELOCES,2025-06-12,00:22:00,Thursday,6,2025
118274365,42993214,42993214.0,ENTRADA,ASOCIADO A ORDEN,GANANCIA,34236.5,1177518.7,True,False,69900.0,34236.5,ENVIA,2025-06-12,00:22:00,Thursday,6,2025
118156182,43250939,43250939.0,SALIDA,ASOCIADO A ORDEN,NUEVA ORDEN,35800.0,1143282.2,False,True,60000.0,24200.0,INTERRAPIDISIMO,2025-06-11,13:34:00,Wednesday,6,2025
117965871,43162060,43162060.0,SALIDA,ASOCIADO A ORDEN,NUEVA ORDEN,56600.0,1179082.2,False,True,60000.0,3400.0,TCC,2025-06-10,11:01:00,Tuesday,6,2025
117951654,41473766,41473766.0,SALIDA,ASOCIADO A ORDEN,FLETE,10500.0,1235682.2,False,True,66900.0,34058.5,VELOCES,2025-06-10,05:00:00,Tuesday,6,2025
117947524,41429423,41429423.0,SALIDA,ASOCIADO A ORDEN,FLETE,10500.0,1246182.2,False,True,66900.0,34058.5,VELOCES,2025-06-10,04:00:00,Tuesday,6,2025
117947490,41428992,41428992.0,SALIDA,ASOCIADO A ORDEN,FLETE,10500.0,1256682.2,False,True,66900.0,34058.5,VELOCES,2025-06-10,04:00:00,Tuesday,6,2025
117947209,41509796,41509796.0,SALIDA,ASOCIADO A ORDEN,FLETE,10500.0,1267182.2,False,True,66900.0,34058.5,VELOCES,2025-06-10,04:00:00,Tuesday,6,2025
117907340,42821953,42821953.0,ENTRADA,ASOCIADO A ORDEN,GANANCIA,36953.5,1277682.2,True,False,69900.0,36953.5,VELOCES,2025-06-10,00:25:00,Tuesday,6,2025
117904617,42813097,42813097.0,ENTRADA,ASOCIADO A ORDEN,GANANCIA,44554.66,1240728.7,True,False,89900.0,44554.66,COORDINADORA,2025-06-10,00:24:00,Tuesday,6,2025
117430297,42452332,42452332.0,ENTRADA,ASOCIADO A ORDEN,GANANCIA,56267.6,1196174.04,True,False,110640.0,56267.6,VELOCES,2025-06-07,00:10:00,Saturday,6,2025
117401939,42262928,42262928.0,ENTRADA,ASOCIADO A ORDEN,GANANCIA,34236.5,1139906.44,True,False,69900.0,34236.5,ENVIA,2025-06-07,00:03:00,Saturday,6,2025
117386824,41800904,41800904.0,ENTRADA,ASOCIADO A ORDEN,GANANCIA,72733.45,1105669.94,True,False,144342.0,72733.45,JAMV-DRIVE,2025-06-07,00:00:00,Saturday,6,2025
117385199,41502416,41502416.0,ENTRADA,ASOCIADO A ORDEN,GANANCIA,48156.96,1032936.49,True,False,107840.0,48156.96,TCC,2025-06-07,00:00:00,Saturday,6,2025
117352215,41641819,41641819.0,SALIDA,ASOCIADO A ORDEN,FLETE,8000.0,984779.53,False,True,68900.0,38900.0,JAMV-DRIVE,2025-06-06,08:39:00,Friday,6,2025
117206997,41705568,41705568.0,ENTRADA,ASOCIADO A ORDEN,GANANCIA,31820.0,992779.53,True,False,69900.0,31820.0,DOMINA,2025-06-06,00:00:00,Friday,6,2025
117182710,41867955,41867955.0,SALIDA,ASOCIADO A ORDEN,FLETE,12518.0,960959.53,False,True,72900.0,37101.5,ENVIA,2025-06-05,12:38:00,Thursday,6,2025
117090526,42314329,42314329.0,ENTRADA,ASOCIADO A ORDEN,GANANCIA,36953.5,973477.53,True,False,69900.0,36953.5,VELOCES,2025-06-05,00:22:00,Thursday,6,2025
116948490,0,,SALIDA,RETIRO GENERAL,OTRO,1100000.0,936524.03,False,True,,,,2025-06-04,09:00:00,Wednesday,6,2025
116821002,41961457,41961457.0,ENTRADA,ASOCIADO A ORDEN,GANANCIA,35560.0,2036524.03,True,False,72900.0,35560.0,DOMINA,2025-06-04,00:09:00,Wednesday,6,2025
116704209,0,,SALIDA,RETIRO GENERAL,OTRO,162000.0,2000964.03,False,True,,,,2025-06-02,17:38:00,Monday,6,2025
116684591,42496682,42496682.0,SALIDA,ASOCIADO A ORDEN,NUEVA ORDEN,73780.0,2162964.03,False,True,73780.0,0.0,INTERRAPIDISIMO,2025-06-01,11:22:00,Sunday,6,2025
116684539,42496066,42496066.0,SALIDA,ASOCIADO A ORDEN,NUEVA ORDEN,75810.0,2236744.03,False,True,76810.0,0.0,INTERRAPIDISIMO,2025-06-01,11:11:00,Sunday,6,2025
116677308,0,,SALIDA,RETIRO GENERAL,OTRO,12500.0,2312554.03,False,True,,,,2025-06-01,05:02:00,Sunday,6,2025
116670770,41517847,41517847.0,ENTRADA,ASOCIADO A ORDEN,GANANCIA,34058.5,2325054.03,True,False,66900.0,34058.5,VELOCES,2025-06-01,02:30:00,Sunday,6,2025
116647316,42265253,42265253.0,ENTRADA,ASOCIADO A ORDEN,GANANCIA,37692.5,2290995.53,True,False,69900.0,37692.5,ENVIA,2025-06-01,00:15:00,Sunday,6,2025
116599161,42044582,42044582.0,ENTRADA,ASOCIADO A ORDEN,GANANCIA,38969.5,2253303.03,True,False,72900.0,38969.5,INTERRAPIDISIMO,2025-06-01,00:04:00,Sunday,6,2025
116444747,40439948,40439948.0,SALIDA,ASOCIADO A ORDEN,FLETE,13838.0,2214333.53,False,True,64900.0,27562.0,DOMINA,2025-05-30,22:01:00,Friday,5,2025
116417358,41706473,41706473.0,SALIDA,ASOCIADO A ORDEN,FLETE,12518.0,2228171.53,False,True,69900.0,34236.5,ENVIA,2025-05-30,12:41:00,Friday,5,2025
116417320,41503088,41503088.0,SALIDA,ASOCIADO A ORDEN,FLETE,12518.0,2240689.53,False,True,107840.0,50469.2,ENVIA,2025-05-30,12:41:00,Friday,5,2025
116416649,42372142,42372142.0,SALIDA,ASOCIADO A ORDEN,NUEVA ORDEN,39258.0,2253207.53,False,True,39258.0,0.0,ENVIA,2025-05-30,12:30:00,Friday,5,2025
116396565,41519435,41519435.0,SALIDA,ASOCIADO A ORDEN,FLETE,12518.0,2292465.53,False,True,107840.0,50469.2,ENVIA,2025-05-30,10:22:00,Friday,5,2025
116382974,40233383,40233383.0,SALIDA,ASOCIADO A ORDEN,FLETE,10500.0,2304983.53,False,True,64900.0,32128.5,VELOCES,2025-05-30,04:01:00,Friday,5,2025
116382939,40222310,40222310.0,SALIDA,ASOCIADO A ORDEN,FLETE,10500.0,2315483.53,False,True,64900.0,32128.5,VELOCES,2025-05-30,04:01:00,Friday,5,2025
116378952,42207652,42207652.0,ENTRADA,ASOCIADO A ORDEN,GANANCIA,41848.5,2325983.53,True,False,72900.0,41848.5,VELOCES,2025-05-30,02:34:00,Friday,5,2025
116225983,40483732,40483732.0,SALIDA,ASOCIADO A ORDEN,FLETE,15849.0,2284135.03,False,True,64900.0,26779.5,INTERRAPIDISIMO,2025-05-29,23:01:00,Thursday,5,2025
116220943,0,,SALIDA,RETIRO GENERAL,OTRO,80000.0,2299984.03,False,True,,,,2025-05-29,18:53:00,Thursday,5,2025
116211844,41669820,41669820.0,SALIDA,ASOCIADO A ORDEN,FLETE,15889.0,2379984.03,False,True,68900.0,30599.5,INTERRAPIDISIMO,2025-05-29,15:47:00,Thursday,5,2025
116183664,40493799,40493799.0,SALIDA,ASOCIADO A ORDEN,FLETE,10500.0,2395873.03,False,True,103840.0,49705.6,VELOCES,2025-05-29,05:01:00,Thursday,5,2025
116183663,40547394,40547394.0,SALIDA,ASOCIADO A ORDEN,FLETE,10500.0,2406373.03,False,True,64900.0,32128.5,VELOCES,2025-05-29,05:01:00,Thursday,5,2025
116183645,40265013,40265013.0,SALIDA,ASOCIADO A ORDEN,FLETE,10500.0,2416873.03,False,True,64900.0,32128.5,VELOCES,2025-05-29,05:01:00,Thursday,5,2025
116183604,40487109,40487109.0,SALIDA,ASOCIADO A ORDEN,FLETE,10500.0,2427373.03,False,True,64900.0,32128.5,VELOCES,2025-05-29,05:01:00,Thursday,5,2025
116183597,40640307,40640307.0,SALIDA,ASOCIADO A ORDEN,FLETE,10500.0,2437873.03,False,True,64900.0,32128.5,VELOCES,2025-05-29,05:01:00,Thursday,5,2025
116183596,40741408,40741408.0,SALIDA,ASOCIADO A ORDEN,FLETE,10500.0,2448373.03,False,True,64900.0,32128.5,VELOCES,2025-05-29,05:01:00,Thursday,5,2025
116183437,40339419,40339419.0,SALIDA,ASOCIADO A ORDEN,FLETE,15849.0,2458873.03,False,True,64900.0,26779.5,INTERRAPIDISIMO,2025-05-29,05:00:00,Thursday,5,2025
116109950,41941480,41941480.0,ENTRADA,ASOCIADO A ORDEN,GANANCIA,34419.5,2474722.03,True,False,72900.0,34419.5,INTERRAPIDISIMO,2025-05-29,00:24:00,Thursday,5,2025
115970358,41644487,41644487.0,SALIDA,ASOCIADO A ORDEN,FLETE,11339.0,2440302.53,False,True,68900.0,35149.5,INTERRAPIDISIMO,2025-05-28,13:09:00,Wednesday,5,2025
115966698,41609329,41609329.0,SALIDA,ASOCIADO A ORDEN,FLETE,15820.1,2451641.53,False,True,62010.0,24019.55,INTERRAPIDISIMO,2025-05-28,12:38:00,Wednesday,5,2025
115900548,41868521,41868521.0,ENTRADA,ASOCIADO A ORDEN,GANANCIA,37101.5,2467461.63,True,False,72900.0,37101.5,ENVIA,2025-05-28,00:15:00,Wednesday,5,2025
115869926,41748749,41748749.0,ENTRADA,ASOCIADO A ORDEN,GANANCIA,62413.16,2430360.1300000004,True,False,144342.0,62413.16,COORDINADORA,2025-05-28,00:09:00,Wednesday,5,2025
115829196,40587381,40587381.0,ENTRADA,ASOCIADO A ORDEN,GANANCIA,26779.5,2367946.97,True,False,64900.0,26779.5,INTERRAPIDISIMO,2025-05-28,00:00:00,Wednesday,5,2025
115787085,41467683,41467683.0,ENTRADA,ASOCIADO A ORDEN,GANANCIA,34058.5,2341167.47,True,False,66900.0,34058.5,VELOCES,2025-05-27,04:30:00,Tuesday,5,2025
115723770,41753522,41753522.0,ENTRADA,ASOCIADO A ORDEN,GANANCIA,42900.0,2307108.97,True,False,72900.0,42900.0,JAMV-DRIVE,2025-05-27,00:11:00,Tuesday,5,2025
115690844,41528151,41528151.0,ENTRADA,ASOCIADO A ORDEN,GANANCIA,35988.5,2264208.97,True,False,68900.0,35988.5,VELOCES,2025-05-27,00:04:00,Tuesday,5,2025
115677924,41010378,41010378.0,ENTRADA,ASOCIADO A ORDEN,GANANCIA,26779.5,2228220.47,True,False,64900.0,26779.5,INTERRAPIDISIMO,2025-05-27,00:01:00,Tuesday,5,2025
115655828,40497673,40497673.0,SALIDA,ASOCIADO A ORDEN,FLETE,15849.0,2201440.97,False,True,64900.0,26779.5,INTERRAPIDISIMO,2025-05-26,15:34:00,Monday,5,2025
115655827,40497673,40497673.0,SALIDA,ASOCIADO A ORDEN,FLETE,16498.0,2217289.97,False,True,64900.0,26779.5,INTERRAPIDISIMO,2025-05-26,15:34:00,Monday,5,2025
115654340,40580885,40580885.0,SALIDA,ASOCIADO A ORDEN,FLETE,15849.0,2233787.97,False,True,64900.0,26779.5,INTERRAPIDISIMO,2025-05-26,15:14:00,Monday,5,2025
115646534,40159785,40159785.0,SALIDA,ASOCIADO A ORDEN,FLETE,11299.0,2249636.97,False,True,64900.0,31329.5,INTERRAPIDISIMO,2025-05-26,14:22:00,Monday,5,2025
115622928,40438885,40438885.0,SALIDA,ASOCIADO A ORDEN,FLETE,15849.0,2260935.97,False,True,64900.0,26779.5,INTERRAPIDISIMO,2025-05-26,10:03:00,Monday,5,2025
115612962,40231565,40231565.0,SALIDA,ASOCIADO A ORDEN,FLETE,15849.0,2276784.97,False,True,64900.0,26779.5,INTERRAPIDISIMO,2025-05-26,07:32:00,Monday,5,2025
115579141,41675412,41675412.0,ENTRADA,ASOCIADO A ORDEN,GANANCIA,36104.5,2292633.97,True,False,69900.0,36104.5,INTERRAPIDISIMO,2025-05-26,00:10:00,Monday,5,2025
115566836,41626233,41626233.0,ENTRADA,ASOCIADO A ORDEN,GANANCIA,30599.5,2256529.47,True,False,68900.0,30599.5,INTERRAPIDISIMO,2025-05-26,00:07:00,Monday,5,2025
115541623,41533902,41533902.0,ENTRADA,ASOCIADO A ORDEN,GANANCIA,30599.5,2225929.97,True,False,68900.0,30599.5,INTERRAPIDISIMO,2025-05-26,00:02:00,Monday,5,2025
115530281,0,,SALIDA,RETIRO GENERAL,OTRO,1100000.0,2195330.47,False,True,,,,2025-05-25,22:49:00,Sunday,5,2025
115522615,41543777,41543777.0,SALIDA,ASOCIADO A ORDEN,FLETE,16302.4,3295330.47,False,True,110240.0,50079.2,INTERRAPIDISIMO,2025-05-25,08:01:00,Sunday,5,2025
115518189,41518294,41518294.0,ENTRADA,ASOCIADO A ORDEN,GANANCIA,55083.01,3311632.87,True,False,136422.0,55083.01,INTERRAPIDISIMO,2025-05-25,04:31:00,Sunday,5,2025
115493890,41800437,41800437.0,ENTRADA,ASOCIADO A ORDEN,GANANCIA,37101.5,3256549.86,True,False,72900.0,37101.5,ENVIA,2025-05-25,02:35:00,Sunday,5,2025
115485620,41771559,41771559.0,ENTRADA,ASOCIADO A ORDEN,GANANCIA,39848.5,3219448.36,True,False,72900.0,39848.5,VELOCES,2025-05-25,02:33:00,Sunday,5,2025
115462511,41743766,41743766.0,ENTRADA,ASOCIADO A ORDEN,GANANCIA,34419.5,3179599.86,True,False,72900.0,34419.5,INTERRAPIDISIMO,2025-05-25,00:26:00,Sunday,5,2025
115448867,41686750,41686750.0,ENTRADA,ASOCIADO A ORDEN,GANANCIA,30983.0,3145180.36,True,False,69900.0,30983.0,COORDINADORA,2025-05-25,00:23:00,Sunday,5,2025
115298721,40339562,40339562.0,SALIDA,ASOCIADO A ORDEN,FLETE,16498.0,3114197.36,False,True,64900.0,26779.5,INTERRAPIDISIMO,2025-05-24,04:44:00,Saturday,5,2025
115289084,40235685,40235685.0,SALIDA,ASOCIADO A ORDEN,FLETE,16498.0,3130695.36,False,True,64900.0,26779.5,INTERRAPIDISIMO,2025-05-24,03:45:00,Saturday,5,2025
115288704,40305839,40305839.0,SALIDA,ASOCIADO A ORDEN,FLETE,16498.0,3147193.36,False,True,64900.0,26779.5,INTERRAPIDISIMO,2025-05-24,03:06:00,Saturday,5,2025
115287547,41759687,41759687.0,ENTRADA,ASOCIADO A ORDEN,GANANCIA,62057.6,3163691.36,True,False,116640.0,62057.6,VELOCES,2025-05-24,02:32:00,Saturday,5,2025
115287501,41748909,41748909.0,ENTRADA,ASOCIADO A ORDEN,GANANCIA,39848.5,3101633.76,True,False,72900.0,39848.5,VELOCES,2025-05-24,02:32:00,Saturday,5,2025
115270284,41786492,41786492.0,ENTRADA,ASOCIADO A ORDEN,GANANCIA,33946.71,3061785.26,True,False,72900.0,33946.71,COORDINADORA,2025-05-24,00:26:00,Saturday,5,2025
115246549,41707506,41707506.0,ENTRADA,ASOCIADO A ORDEN,GANANCIA,37101.5,3027838.55,True,False,72900.0,37101.5,ENVIA,2025-05-24,00:21:00,Saturday,5,2025
115235283,41674767,41674767.0,ENTRADA,ASOCIADO A ORDEN,GANANCIA,38436.2,2990737.0500000003,True,False,95240.0,38436.2,ENVIA,2025-05-24,00:18:00,Saturday,5,2025
115233894,41670827,41670827.0,ENTRADA,ASOCIADO A ORDEN,GANANCIA,30599.5,2952300.85,True,False,68900.0,30599.5,INTERRAPIDISIMO,2025-05-24,00:18:00,Saturday,5,2025
115222206,41633606,41633606.0,ENTRADA,ASOCIADO A ORDEN,GANANCIA,35988.5,2921701.35,True,False,68900.0,35988.5,VELOCES,2025-05-24,00:15:00,Saturday,5,2025
115219962,41625589,41625589.0,ENTRADA,ASOCIADO A ORDEN,GANANCIA,35988.5,2885712.85,True,False,68900.0,35988.5,VELOCES,2025-05-24,00:15:00,Saturday,5,2025
115155554,41019503,41019503.0,ENTRADA,ASOCIADO A ORDEN,GANANCIA,26779.5,2849724.35,True,False,64900.0,26779.5,INTERRAPIDISIMO,2025-05-24,00:01:00,Saturday,5,2025
115138636,41437250,41437250.0,SALIDA,ASOCIADO A ORDEN,FLETE,10500.0,2822944.85,False,True,66900.0,34058.5,VELOCES,2025-05-23,17:01:00,Friday,5,2025
115106841,41676740,41676740.0,ENTRADA,ASOCIADO A ORDEN,GANANCIA,36953.5,2833444.85,True,False,69900.0,36953.5,VELOCES,2025-05-23,02:30:00,Friday,5,2025
115095873,41707156,41707156.0,ENTRADA,ASOCIADO A ORDEN,GANANCIA,33946.71,2796491.35,True,False,72900.0,33946.71,COORDINADORA,2025-05-23,00:27:00,Friday,5,2025
115089479,41677979,41677979.0,ENTRADA,ASOCIADO A ORDEN,GANANCIA,63057.93,2762544.64,True,False,138402.0,63057.93,VELOCES,2025-05-23,00:26:00,Friday,5,2025
115088857,41675641,41675641.0,ENTRADA,ASOCIADO A ORDEN,GANANCIA,39900.0,2699486.71,True,False,69900.0,39900.0,JAMV-DRIVE,2025-05-23,00:26:00,Friday,5,2025
115086574,41667414,41667414.0,ENTRADA,ASOCIADO A ORDEN,GANANCIA,35988.5,2659586.71,True,False,68900.0,35988.5,VELOCES,2025-05-23,00:25:00,Friday,5,2025
115084498,41661383,41661383.0,ENTRADA,ASOCIADO A ORDEN,GANANCIA,35988.5,2623598.21,True,False,68900.0,35988.5,VELOCES,2025-05-23,00:25:00,Friday,5,2025
114975739,41010327,41010327.0,ENTRADA,ASOCIADO A ORDEN,GANANCIA,26779.5,2587609.71,True,False,64900.0,26779.5,INTERRAPIDISIMO,2025-05-23,00:01:00,Friday,5,2025
114975302,41003361,41003361.0,ENTRADA,ASOCIADO A ORDEN,GANANCIA,32128.5,2560830.21,True,False,64900.0,32128.5,VELOCES,2025-05-23,00:01:00,Friday,5,2025
114951678,0,,ENTRADA,INGRESO GENERAL,OTRO,38120.5,2528701.71,True,False,,,,2025-05-22,15:47:00,Thursday,5,2025
114923758,41491281,41491281.0,ENTRADA,ASOCIADO A ORDEN,GANANCIA,34058.5,2490581.21,True,False,66900.0,34058.5,VELOCES,2025-05-22,04:30:00,Thursday,5,2025
114919644,41661545,41661545.0,ENTRADA,ASOCIADO A ORDEN,GANANCIA,32128.5,2456522.71,True,False,64900.0,32128.5,VELOCES,2025-05-22,02:55:00,Thursday,5,2025
114909188,41610304,41610304.0,ENTRADA,ASOCIADO A ORDEN,GANANCIA,33281.5,2424394.21,True,False,68900.0,33281.5,ENVIA,2025-05-22,02:53:00,Thursday,5,2025
114908596,41607669,41607669.0,ENTRADA,ASOCIADO A ORDEN,GANANCIA,35988.5,2391112.71,True,False,68900.0,35988.5,VELOCES,2025-05-22,02:53:00,Thursday,5,2025
114906901,41601241,41601241.0,ENTRADA,ASOCIADO A ORDEN,GANANCIA,38900.0,2355124.21,True,False,68900.0,38900.0,JAMV-DRIVE,2025-05-22,02:53:00,Thursday,5,2025
114890137,41555406,41555406.0,ENTRADA,ASOCIADO A ORDEN,GANANCIA,33281.5,2316224.21,True,False,68900.0,33281.5,ENVIA,2025-05-22,02:49:00,Thursday,5,2025
114885804,41545128,41545128.0,ENTRADA,ASOCIADO A ORDEN,GANANCIA,35988.5,2282942.71,True,False,68900.0,35988.5,VELOCES,2025-05-22,02:48:00,Thursday,5,2025
114871150,41509536,41509536.0,ENTRADA,ASOCIADO A ORDEN,GANANCIA,34058.5,2246954.21,True,False,66900.0,34058.5,VELOCES,2025-05-22,02:45:00,Thursday,5,2025
114868550,41502819,41502819.0,ENTRADA,ASOCIADO A ORDEN,GANANCIA,31371.5,2212895.71,True,False,66900.0,31371.5,ENVIA,2025-05-22,02:45:00,Thursday,5,2025
114868475,41502676,41502676.0,ENTRADA,ASOCIADO A ORDEN,GANANCIA,31371.5,2181524.21,True,False,66900.0,31371.5,ENVIA,2025-05-22,02:45:00,Thursday,5,2025
114868319,41502368,41502368.0,ENTRADA,ASOCIADO A ORDEN,GANANCIA,33239.5,2150152.71,True,False,66900.0,33239.5,INTERRAPIDISIMO,2025-05-22,02:45:00,Thursday,5,2025
114860006,41481277,41481277.0,ENTRADA,ASOCIADO A ORDEN,GANANCIA,34058.5,2116913.21,True,False,66900.0,34058.5,VELOCES,2025-05-22,02:43:00,Thursday,5,2025
114858339,41477273,41477273.0,ENTRADA,ASOCIADO A ORDEN,GANANCIA,34058.5,2082854.71,True,False,66900.0,34058.5,VELOCES,2025-05-22,02:43:00,Thursday,5,2025
114746494,41050700,41050700.0,ENTRADA,ASOCIADO A ORDEN,GANANCIA,48517.2,2048796.21,True,False,103840.0,48517.2,INTERRAPIDISIMO,2025-05-22,00:16:00,Thursday,5,2025
114739085,41021084,41021084.0,ENTRADA,ASOCIADO A ORDEN,GANANCIA,26779.5,2000279.01,True,False,64900.0,26779.5,INTERRAPIDISIMO,2025-05-22,00:15:00,Thursday,5,2025
114737228,41012989,41012989.0,ENTRADA,ASOCIADO A ORDEN,GANANCIA,26779.5,1973499.51,True,False,64900.0,26779.5,INTERRAPIDISIMO,2025-05-22,00:14:00,Thursday,5,2025
114675789,40490366,40490366.0,ENTRADA,ASOCIADO A ORDEN,GANANCIA,26779.5,1946720.01,True,False,64900.0,26779.5,INTERRAPIDISIMO,2025-05-22,00:01:00,Thursday,5,2025
114659558,41001516,41001516.0,SALIDA,ASOCIADO A ORDEN,FLETE,15849.0,1919940.51,False,True,64900.0,26779.5,INTERRAPIDISIMO,2025-05-21,18:40:00,Wednesday,5,2025
114639319,40217667,40217667.0,SALIDA,ASOCIADO A ORDEN,FLETE,15849.0,1935789.51,False,True,64900.0,26779.5,INTERRAPIDISIMO,2025-05-21,15:29:00,Wednesday,5,2025
114636841,40325348,40325348.0,SALIDA,ASOCIADO A ORDEN,FLETE,16498.0,1951638.51,False,True,64900.0,26779.5,INTERRAPIDISIMO,2025-05-21,15:15:00,Wednesday,5,2025
114636813,40291426,40291426.0,SALIDA,ASOCIADO A ORDEN,FLETE,16498.0,1968136.51,False,True,64900.0,26779.5,INTERRAPIDISIMO,2025-05-21,15:15:00,Wednesday,5,2025
114601541,41555671,41555671.0,ENTRADA,ASOCIADO A ORDEN,GANANCIA,33281.5,1984634.51,True,False,68900.0,33281.5,ENVIA,2025-05-21,00:23:00,Wednesday,5,2025
114595463,41519105,41519105.0,ENTRADA,ASOCIADO A ORDEN,GANANCIA,38900.0,1951353.01,True,False,68900.0,38900.0,JAMV-DRIVE,2025-05-21,00:22:00,Wednesday,5,2025
114587607,41471925,41471925.0,ENTRADA,ASOCIADO A ORDEN,GANANCIA,57144.0,1912453.01,True,False,107840.0,57144.0,JAMV-DRIVE,2025-05-21,00:20:00,Wednesday,5,2025
114585139,41457037,41457037.0,ENTRADA,ASOCIADO A ORDEN,GANANCIA,36900.0,1855309.01,True,False,66900.0,36900.0,JAMV-DRIVE,2025-05-21,00:19:00,Wednesday,5,2025
114440895,41429140,41429140.0,ENTRADA,ASOCIADO A ORDEN,GANANCIA,34058.5,1818409.01,True,False,66900.0,34058.5,VELOCES,2025-05-20,00:29:00,Tuesday,5,2025
114440684,41427719,41427719.0,ENTRADA,ASOCIADO A ORDEN,GANANCIA,34058.5,1784350.51,True,False,66900.0,34058.5,VELOCES,2025-05-20,00:29:00,Tuesday,5,2025
114440579,41427230,41427230.0,ENTRADA,ASOCIADO A ORDEN,GANANCIA,34058.5,1750292.01,True,False,66900.0,34058.5,VELOCES,2025-05-20,00:29:00,Tuesday,5,2025
114236046,0,,SALIDA,RETIRO GENERAL,OTRO,600000.0,1716233.5099999998,False,True,,,,2025-05-18,23:43:00,Sunday,5,2025
114227772,40997716,40997716.0,ENTRADA,ASOCIADO A ORDEN,GANANCIA,26779.5,2316233.51,True,False,64900.0,26779.5,INTERRAPIDISIMO,2025-05-18,04:30:00,Sunday,5,2025
114150821,41016875,41016875.0,ENTRADA,ASOCIADO A ORDEN,GANANCIA,32128.5,2289454.01,True,False,64900.0,32128.5,VELOCES,2025-05-18,00:07:00,Sunday,5,2025
114129153,40659289,40659289.0,ENTRADA,ASOCIADO A ORDEN,GANANCIA,26779.5,2257325.51,True,False,64900.0,26779.5,INTERRAPIDISIMO,2025-05-18,00:03:00,Sunday,5,2025
114104348,39844997,39844997.0,SALIDA,ASOCIADO A ORDEN,FLETE,11299.0,2230546.01,False,True,64900.0,31329.5,INTERRAPIDISIMO,2025-05-17,14:02:00,Saturday,5,2025
114078058,40704845,40704845.0,ENTRADA,ASOCIADO A ORDEN,GANANCIA,26779.5,2241845.01,True,False,64900.0,26779.5,INTERRAPIDISIMO,2025-05-17,02:30:00,Saturday,5,2025
114077460,40561813,40561813.0,ENTRADA,ASOCIADO A ORDEN,GANANCIA,26779.5,2215065.51,True,False,64900.0,26779.5,INTERRAPIDISIMO,2025-05-17,02:30:00,Saturday,5,2025
113964227,40672845,40672845.0,ENTRADA,ASOCIADO A ORDEN,GANANCIA,26779.5,2188286.01,True,False,64900.0,26779.5,INTERRAPIDISIMO,2025-05-17,00:05:00,Saturday,5,2025
113938338,40176653,40176653.0,SALIDA,ASOCIADO A ORDEN,FLETE,13275.98,2161506.51,False,True,64900.0,28124.02,DOMINA,2025-05-16,22:00:00,Friday,5,2025
113903912,40505903,40505903.0,SALIDA,ASOCIADO A ORDEN,FLETE,16498.0,2174782.49,False,True,64900.0,26779.5,INTERRAPIDISIMO,2025-05-16,04:46:00,Friday,5,2025
113823155,40998222,40998222.0,ENTRADA,ASOCIADO A ORDEN,GANANCIA,49705.6,2191280.49,True,False,103840.0,49705.6,VELOCES,2025-05-16,00:15:00,Friday,5,2025
113781884,40631999,40631999.0,ENTRADA,ASOCIADO A ORDEN,GANANCIA,26779.5,2141574.89,True,False,64900.0,26779.5,INTERRAPIDISIMO,2025-05-16,00:06:00,Friday,5,2025
113772250,40565054,40565054.0,ENTRADA,ASOCIADO A ORDEN,GANANCIA,26779.5,2114795.39,True,False,64900.0,26779.5,INTERRAPIDISIMO,2025-05-16,00:04:00,Friday,5,2025
113768542,40488469,40488469.0,ENTRADA,ASOCIADO A ORDEN,GANANCIA,31329.5,2088015.89,True,False,64900.0,31329.5,INTERRAPIDISIMO,2025-05-16,00:03:00,Friday,5,2025
113760829,40436994,40436994.0,ENTRADA,ASOCIADO A ORDEN,GANANCIA,26779.5,2056686.39,True,False,64900.0,26779.5,INTERRAPIDISIMO,2025-05-16,00:02:00,Friday,5,2025
113686392,40045582,40045582.0,ENTRADA,ASOCIADO A ORDEN,GANANCIA,26779.5,2029906.89,True,False,64900.0,26779.5,INTERRAPIDISIMO,2025-05-15,04:30:00,Thursday,5,2025
113676742,41051029,41051029.0,ENTRADA,ASOCIADO A ORDEN,GANANCIA,32128.5,2003127.39,True,False,64900.0,32128.5,VELOCES,2025-05-15,02:41:00,Thursday,5,2025
113603748,40769550,40769550.0,ENTRADA,ASOCIADO A ORDEN,GANANCIA,27517.9,1970998.89,True,False,64900.0,27517.9,FUTURA,2025-05-15,00:09:00,Thursday,5,2025
113580919,40543896,40543896.0,ENTRADA,ASOCIADO A ORDEN,GANANCIA,26779.5,1943480.99,True,False,64900.0,26779.5,INTERRAPIDISIMO,2025-05-15,00:04:00,Thursday,5,2025
113573485,40436597,40436597.0,ENTRADA,ASOCIADO A ORDEN,GANANCIA,26779.5,1916701.49,True,False,64900.0,26779.5,INTERRAPIDISIMO,2025-05-15,00:03:00,Thursday,5,2025
113568721,40415034,40415034.0,ENTRADA,ASOCIADO A ORDEN,GANANCIA,31329.5,1889921.99,True,False,64900.0,31329.5,INTERRAPIDISIMO,2025-05-15,00:02:00,Thursday,5,2025
113567635,40409454,40409454.0,ENTRADA,ASOCIADO A ORDEN,GANANCIA,43967.2,1858592.49,True,False,103840.0,43967.2,INTERRAPIDISIMO,2025-05-15,00:02:00,Thursday,5,2025
113561213,40224889,40224889.0,ENTRADA,ASOCIADO A ORDEN,GANANCIA,26779.5,1814625.29,True,False,64900.0,26779.5,INTERRAPIDISIMO,2025-05-15,00:01:00,Thursday,5,2025
113508546,41055124,41055124.0,ENTRADA,ASOCIADO A ORDEN,GANANCIA,34900.0,1787845.79,True,False,64900.0,34900.0,JAMV-DRIVE,2025-05-14,04:32:00,Wednesday,5,2025
113485050,40976112,40976112.0,ENTRADA,ASOCIADO A ORDEN,GANANCIA,49705.6,1752945.79,True,False,103840.0,49705.6,VELOCES,2025-05-14,02:40:00,Wednesday,5,2025
113407898,40625641,40625641.0,ENTRADA,ASOCIADO A ORDEN,GANANCIA,27160.0,1703240.19,True,False,64900.0,27160.0,DOMINA,2025-05-14,00:08:00,Wednesday,5,2025
113396241,40505847,40505847.0,ENTRADA,ASOCIADO A ORDEN,GANANCIA,43967.2,1676080.19,True,False,103840.0,43967.2,INTERRAPIDISIMO,2025-05-14,00:06:00,Wednesday,5,2025
113393942,40494787,40494787.0,ENTRADA,ASOCIADO A ORDEN,GANANCIA,26779.5,1632112.99,True,False,64900.0,26779.5,INTERRAPIDISIMO,2025-05-14,00:05:00,Wednesday,5,2025
113391201,40482050,40482050.0,ENTRADA,ASOCIADO A ORDEN,GANANCIA,31329.5,1605333.49,True,False,64900.0,31329.5,INTERRAPIDISIMO,2025-05-14,00:05:00,Wednesday,5,2025
113374530,40221988,40221988.0,ENTRADA,ASOCIADO A ORDEN,GANANCIA,32128.5,1574003.99,True,False,64900.0,32128.5,VELOCES,2025-05-14,00:01:00,Wednesday,5,2025
113337983,40487151,40487151.0,SALIDA,ASOCIADO A ORDEN,FLETE,11948.0,1541875.49,False,True,64900.0,31329.5,INTERRAPIDISIMO,2025-05-13,13:33:00,Tuesday,5,2025
113337548,41167431,41167431.0,SALIDA,ASOCIADO A ORDEN,NUEVA ORDEN,35450.0,1553823.49,False,True,35450.0,0.0,INTERRAPIDISIMO,2025-05-13,13:12:00,Tuesday,5,2025
113247282,40771629,40771629.0,ENTRADA,ASOCIADO A ORDEN,GANANCIA,27517.9,1589273.49,True,False,64900.0,27517.9,FUTURA,2025-05-13,02:31:00,Tuesday,5,2025
113246904,40770358,40770358.0,ENTRADA,ASOCIADO A ORDEN,GANANCIA,34128.5,1561755.59,True,False,64900.0,34128.5,VELOCES,2025-05-13,02:31:00,Tuesday,5,2025
113242390,40749954,40749954.0,ENTRADA,ASOCIADO A ORDEN,GANANCIA,27517.9,1527627.09,True,False,64900.0,27517.9,FUTURA,2025-05-13,02:31:00,Tuesday,5,2025
113192923,40403733,40403733.0,ENTRADA,ASOCIADO A ORDEN,GANANCIA,32128.5,1500109.19,True,False,64900.0,32128.5,VELOCES,2025-05-13,00:03:00,Tuesday,5,2025
113109518,40349765,40349765.0,ENTRADA,ASOCIADO A ORDEN,GANANCIA,26779.5,1467980.69,True,False,64900.0,26779.5,INTERRAPIDISIMO,2025-05-12,00:06:00,Monday,5,2025
113107710,40335584,40335584.0,ENTRADA,ASOCIADO A ORDEN,GANANCIA,26779.5,1441201.19,True,False,64900.0,26779.5,INTERRAPIDISIMO,2025-05-12,00:05:00,Monday,5,2025
113102606,40293608,40293608.0,ENTRADA,ASOCIADO A ORDEN,GANANCIA,26779.5,1414421.69,True,False,64900.0,26779.5,INTERRAPIDISIMO,2025-05-12,00:04:00,Monday,5,2025
113097424,40272963,40272963.0,ENTRADA,ASOCIADO A ORDEN,GANANCIA,43967.2,1387642.19,True,False,103840.0,43967.2,INTERRAPIDISIMO,2025-05-12,00:03:00,Monday,5,2025
113067175,40282357,40282357.0,SALIDA,ASOCIADO A ORDEN,FLETE,16498.0,1343674.99,False,True,64900.0,26779.5,INTERRAPIDISIMO,2025-05-11,05:33:00,Sunday,5,2025
113062433,40217884,40217884.0,ENTRADA,ASOCIADO A ORDEN,GANANCIA,26779.5,1360172.99,True,False,64900.0,26779.5,INTERRAPIDISIMO,2025-05-11,04:30:00,Sunday,5,2025
113057544,40242241,40242241.0,SALIDA,ASOCIADO A ORDEN,FLETE,16498.0,1333393.49,False,True,64900.0,26779.5,INTERRAPIDISIMO,2025-05-11,04:01:00,Sunday,5,2025
113012768,40739629,40739629.0,ENTRADA,ASOCIADO A ORDEN,GANANCIA,32128.5,1349891.49,True,False,64900.0,32128.5,VELOCES,2025-05-11,02:34:00,Sunday,5,2025
113012098,40737119,40737119.0,ENTRADA,ASOCIADO A ORDEN,GANANCIA,32128.5,1317762.99,True,False,64900.0,32128.5,VELOCES,2025-05-11,02:34:00,Sunday,5,2025
112972115,40559780,40559780.0,ENTRADA,ASOCIADO A ORDEN,GANANCIA,27160.0,1285634.49,True,False,64900.0,27160.0,DOMINA,2025-05-11,00:09:00,Sunday,5,2025
112969726,40540987,40540987.0,ENTRADA,ASOCIADO A ORDEN,GANANCIA,26779.5,1258474.49,True,False,64900.0,26779.5,INTERRAPIDISIMO,2025-05-11,00:08:00,Sunday,5,2025
112964739,40498424,40498424.0,ENTRADA,ASOCIADO A ORDEN,GANANCIA,27160.0,1231694.99,True,False,64900.0,27160.0,DOMINA,2025-05-11,00:07:00,Sunday,5,2025
112926059,39453143,39453143.0,ENTRADA,ASOCIADO A ORDEN,GANANCIA,26779.5,1204534.99,True,False,64900.0,26779.5,INTERRAPIDISIMO,2025-05-11,00:00:00,Sunday,5,2025
112925016,40042251,40042251.0,SALIDA,ASOCIADO A ORDEN,FLETE,11948.0,1177755.49,False,True,64900.0,31329.5,INTERRAPIDISIMO,2025-05-10,23:49:00,Saturday,5,2025
112901155,40273024,40273024.0,SALIDA,ASOCIADO A ORDEN,FLETE,16498.0,1189703.49,False,True,64900.0,26779.5,INTERRAPIDISIMO,2025-05-10,10:32:00,Saturday,5,2025
112872567,39960696,39960696.0,ENTRADA,ASOCIADO A ORDEN,GANANCIA,31329.5,1206201.49,True,False,64900.0,31329.5,INTERRAPIDISIMO,2025-05-10,04:30:00,Saturday,5,2025
112860907,40740148,40740148.0,ENTRADA,ASOCIADO A ORDEN,GANANCIA,32128.5,1174871.99,True,False,64900.0,32128.5,VELOCES,2025-05-10,02:41:00,Saturday,5,2025
112858629,40732057,40732057.0,ENTRADA,ASOCIADO A ORDEN,GANANCIA,32128.5,1142743.49,True,False,64900.0,32128.5,VELOCES,2025-05-10,02:40:00,Saturday,5,2025
112833305,40647368,40647368.0,ENTRADA,ASOCIADO A ORDEN,GANANCIA,27900.0,1110614.99,True,False,64900.0,27900.0,DOMINA,2025-05-10,02:35:00,Saturday,5,2025
112812159,40564833,40564833.0,ENTRADA,ASOCIADO A ORDEN,GANANCIA,27700.0,1082714.99,True,False,64900.0,27700.0,DOMINA,2025-05-10,02:31:00,Saturday,5,2025
112810486,40558218,40558218.0,ENTRADA,ASOCIADO A ORDEN,GANANCIA,27517.9,1055014.99,True,False,64900.0,27517.9,FUTURA,2025-05-10,02:31:00,Saturday,5,2025
112805813,40497317,40497317.0,ENTRADA,ASOCIADO A ORDEN,GANANCIA,26779.5,1027497.09,True,False,64900.0,26779.5,INTERRAPIDISIMO,2025-05-10,02:30:00,Saturday,5,2025
112740470,0,,SALIDA,RETIRO GENERAL,OTRO,443000.0,1000717.59,False,True,,,,2025-05-09,22:55:00,Friday,5,2025
112670367,39991785,39991785.0,ENTRADA,ASOCIADO A ORDEN,GANANCIA,26779.5,1443717.59,True,False,64900.0,26779.5,INTERRAPIDISIMO,2025-05-09,04:30:00,Friday,5,2025
112667609,40648826,40648826.0,ENTRADA,ASOCIADO A ORDEN,GANANCIA,32128.5,1416938.09,True,False,64900.0,32128.5,VELOCES,2025-05-09,02:42:00,Friday,5,2025
112643131,40575210,40575210.0,ENTRADA,ASOCIADO A ORDEN,GANANCIA,27517.9,1384809.59,True,False,64900.0,27517.9,FUTURA,2025-05-09,02:38:00,Friday,5,2025
112584495,40338481,40338481.0,ENTRADA,ASOCIADO A ORDEN,GANANCIA,45745.8,1357291.69,True,False,103840.0,45745.8,DOMINA,2025-05-09,00:08:00,Friday,5,2025
112582170,40322340,40322340.0,ENTRADA,ASOCIADO A ORDEN,GANANCIA,26779.5,1311545.89,True,False,64900.0,26779.5,INTERRAPIDISIMO,2025-05-09,00:08:00,Friday,5,2025
112573539,40246218,40246218.0,ENTRADA,ASOCIADO A ORDEN,GANANCIA,27517.9,1284766.39,True,False,64900.0,27517.9,FUTURA,2025-05-09,00:06:00,Friday,5,2025
112528417,39453943,39453943.0,SALIDA,ASOCIADO A ORDEN,FLETE,13240.0,1257248.49,False,True,64900.0,28160.0,DOMINA,2025-05-08,16:00:00,Thursday,5,2025
112516342,39488134,39488134.0,SALIDA,ASOCIADO A ORDEN,FLETE,11650.37,1270488.49,False,True,64900.0,30030.0,99MINUTOS,2025-05-08,10:53:00,Thursday,5,2025
112516341,39640913,39640913.0,SALIDA,ASOCIADO A ORDEN,FLETE,11650.37,1282138.86,False,True,64900.0,30030.0,99MINUTOS,2025-05-08,10:53:00,Thursday,5,2025
112463374,40541207,40541207.0,ENTRADA,ASOCIADO A ORDEN,GANANCIA,32128.5,1293789.23,True,False,64900.0,32128.5,VELOCES,2025-05-08,02:39:00,Thursday,5,2025
112455462,40515372,40515372.0,ENTRADA,ASOCIADO A ORDEN,GANANCIA,32128.5,1261660.73,True,False,64900.0,32128.5,VELOCES,2025-05-08,02:37:00,Thursday,5,2025
112453864,40509927,40509927.0,ENTRADA,ASOCIADO A ORDEN,GANANCIA,32128.5,1229532.23,True,False,64900.0,32128.5,VELOCES,2025-05-08,02:37:00,Thursday,5,2025
112452165,40504528,40504528.0,ENTRADA,ASOCIADO A ORDEN,GANANCIA,32128.5,1197403.73,True,False,64900.0,32128.5,VELOCES,2025-05-08,02:36:00,Thursday,5,2025
112450244,40498416,40498416.0,ENTRADA,ASOCIADO A ORDEN,GANANCIA,32128.5,1165275.23,True,False,64900.0,32128.5,VELOCES,2025-05-08,02:36:00,Thursday,5,2025
112445133,40482963,40482963.0,ENTRADA,ASOCIADO A ORDEN,GANANCIA,32128.5,1133146.73,True,False,64900.0,32128.5,VELOCES,2025-05-08,02:35:00,Thursday,5,2025
112426499,40416484,40416484.0,ENTRADA,ASOCIADO A ORDEN,GANANCIA,26779.5,1101018.23,True,False,64900.0,26779.5,INTERRAPIDISIMO,2025-05-08,02:31:00,Thursday,5,2025
112423361,40403497,40403497.0,ENTRADA,ASOCIADO A ORDEN,GANANCIA,32128.5,1074238.73,True,False,64900.0,32128.5,VELOCES,2025-05-08,02:31:00,Thursday,5,2025
112423288,40403282,40403282.0,ENTRADA,ASOCIADO A ORDEN,GANANCIA,32128.5,1042110.23,True,False,64900.0,32128.5,VELOCES,2025-05-08,02:31:00,Thursday,5,2025
112411979,40368470,40368470.0,ENTRADA,ASOCIADO A ORDEN,GANANCIA,34900.0,1009981.73,True,False,64900.0,34900.0,JAMV-DRIVE,2025-05-08,00:11:00,Thursday,5,2025
112397128,40290027,40290027.0,ENTRADA,ASOCIADO A ORDEN,GANANCIA,26779.5,975081.73,True,False,64900.0,26779.5,INTERRAPIDISIMO,2025-05-08,00:08:00,Thursday,5,2025
112354117,0,,SALIDA,RETIRO GENERAL,OTRO,20000.0,948302.23,False,True,,,,2025-05-07,22:38:00,Wednesday,5,2025
112338182,40299163,40299163.0,SALIDA,ASOCIADO A ORDEN,FLETE,15849.0,968302.23,False,True,64900.0,26779.5,INTERRAPIDISIMO,2025-05-07,16:04:00,Wednesday,5,2025
112337780,40414443,40414443.0,SALIDA,ASOCIADO A ORDEN,FLETE,15849.0,984151.23,False,True,64900.0,26779.5,INTERRAPIDISIMO,2025-05-07,16:01:00,Wednesday,5,2025
112318267,0,,SALIDA,RETIRO GENERAL,OTRO,11543.0,1000000.23,False,True,,,,2025-05-07,08:39:00,Wednesday,5,2025
112317906,0,,SALIDA,RETIRO GENERAL,OTRO,300000.0,1011543.23,False,True,,,,2025-05-07,08:26:00,Wednesday,5,2025
112306193,40552105,40552105.0,ENTRADA,ASOCIADO A ORDEN,GANANCIA,34900.0,1311543.23,True,False,64900.0,34900.0,JAMV-DRIVE,2025-05-07,08:01:00,Wednesday,5,2025
112299491,40510614,40510614.0,ENTRADA,ASOCIADO A ORDEN,GANANCIA,26779.5,1276643.23,True,False,64900.0,26779.5,INTERRAPIDISIMO,2025-05-07,07:59:00,Wednesday,5,2025
112289431,40463499,40463499.0,ENTRADA,ASOCIADO A ORDEN,GANANCIA,34900.0,1249863.73,True,False,64900.0,34900.0,JAMV-DRIVE,2025-05-07,07:57:00,Wednesday,5,2025
112271906,40406588,40406588.0,ENTRADA,ASOCIADO A ORDEN,GANANCIA,26779.5,1214963.73,True,False,64900.0,26779.5,INTERRAPIDISIMO,2025-05-07,07:53:00,Wednesday,5,2025
112270992,40404189,40404189.0,ENTRADA,ASOCIADO A ORDEN,GANANCIA,61019.85,1188184.23,True,False,136290.0,61019.85,VELOCES,2025-05-07,07:53:00,Wednesday,5,2025
112270970,40404115,40404115.0,ENTRADA,ASOCIADO A ORDEN,GANANCIA,49705.6,1127164.38,True,False,103840.0,49705.6,VELOCES,2025-05-07,07:53:00,Wednesday,5,2025
112270789,40403598,40403598.0,ENTRADA,ASOCIADO A ORDEN,GANANCIA,32128.5,1077458.78,True,False,64900.0,32128.5,VELOCES,2025-05-07,07:53:00,Wednesday,5,2025
112262099,40382295,40382295.0,ENTRADA,ASOCIADO A ORDEN,GANANCIA,26779.5,1045330.28,True,False,64900.0,26779.5,INTERRAPIDISIMO,2025-05-07,07:36:00,Wednesday,5,2025
112208773,40225454,40225454.0,ENTRADA,ASOCIADO A ORDEN,GANANCIA,31329.5,1018550.78,True,False,64900.0,31329.5,INTERRAPIDISIMO,2025-05-07,07:25:00,Wednesday,5,2025
112206099,40216635,40216635.0,ENTRADA,ASOCIADO A ORDEN,GANANCIA,31329.5,987221.28,True,False,64900.0,31329.5,INTERRAPIDISIMO,2025-05-07,07:24:00,Wednesday,5,2025
112179513,40148179,40148179.0,ENTRADA,ASOCIADO A ORDEN,GANANCIA,54956.95,955891.78,True,False,136290.0,54956.95,INTERRAPIDISIMO,2025-05-07,04:38:00,Wednesday,5,2025
112146737,40046878,40046878.0,ENTRADA,ASOCIADO A ORDEN,GANANCIA,48517.2,900934.83,True,False,103840.0,48517.2,INTERRAPIDISIMO,2025-05-07,04:31:00,Wednesday,5,2025
112142438,40030180,40030180.0,ENTRADA,ASOCIADO A ORDEN,GANANCIA,26779.5,852417.63,True,False,64900.0,26779.5,INTERRAPIDISIMO,2025-05-07,04:30:00,Wednesday,5,2025
112131990,39994244,39994244.0,ENTRADA,ASOCIADO A ORDEN,GANANCIA,26779.5,825638.13,True,False,64900.0,26779.5,INTERRAPIDISIMO,2025-05-07,02:39:00,Wednesday,5,2025
112109510,39868115,39868115.0,ENTRADA,ASOCIADO A ORDEN,GANANCIA,26779.5,798858.63,True,False,64900.0,26779.5,INTERRAPIDISIMO,2025-05-07,02:35:00,Wednesday,5,2025
112095043,39808758,39808758.0,ENTRADA,ASOCIADO A ORDEN,GANANCIA,26779.5,772079.13,True,False,64900.0,26779.5,INTERRAPIDISIMO,2025-05-07,02:32:00,Wednesday,5,2025
112011782,40146204,40146204.0,SALIDA,ASOCIADO A ORDEN,FLETE,15849.0,745299.63,False,True,64900.0,26779.5,INTERRAPIDISIMO,2025-05-06,15:33:00,Tuesday,5,2025
111989428,40358418,40358418.0,SALIDA,ASOCIADO A ORDEN,FLETE,16238.4,761148.63,False,True,103840.0,43967.2,INTERRAPIDISIMO,2025-05-06,10:05:00,Tuesday,5,2025
111961113,40403998,40403998.0,ENTRADA,ASOCIADO A ORDEN,GANANCIA,32128.5,777387.03,True,False,64900.0,32128.5,VELOCES,2025-05-06,04:33:00,Tuesday,5,2025
111949735,40303938,40303938.0,ENTRADA,ASOCIADO A ORDEN,GANANCIA,43967.2,745258.5299999999,True,False,103840.0,43967.2,INTERRAPIDISIMO,2025-05-06,04:31:00,Tuesday,5,2025
111933267,40340433,40340433.0,ENTRADA,ASOCIADO A ORDEN,GANANCIA,26779.5,701291.33,True,False,64900.0,26779.5,INTERRAPIDISIMO,2025-05-06,02:41:00,Tuesday,5,2025
111918237,40294528,40294528.0,ENTRADA,ASOCIADO A ORDEN,GANANCIA,32128.5,674511.83,True,False,64900.0,32128.5,VELOCES,2025-05-06,02:38:00,Tuesday,5,2025
111914981,40285052,40285052.0,ENTRADA,ASOCIADO A ORDEN,GANANCIA,32128.5,642383.33,True,False,64900.0,32128.5,VELOCES,2025-05-06,02:37:00,Tuesday,5,2025
111911972,40276505,40276505.0,ENTRADA,ASOCIADO A ORDEN,GANANCIA,48517.2,610254.83,True,False,103840.0,48517.2,INTERRAPIDISIMO,2025-05-06,02:36:00,Tuesday,5,2025
111882492,40167935,40167935.0,ENTRADA,ASOCIADO A ORDEN,GANANCIA,28124.02,561737.63,True,False,64900.0,28124.02,DOMINA,2025-05-06,02:31:00,Tuesday,5,2025
111881765,40164254,40164254.0,ENTRADA,ASOCIADO A ORDEN,GANANCIA,26779.5,533613.61,True,False,64900.0,26779.5,INTERRAPIDISIMO,2025-05-06,02:30:00,Tuesday,5,2025
111868563,40116126,40116126.0,ENTRADA,ASOCIADO A ORDEN,GANANCIA,26779.5,506834.11,True,False,64900.0,26779.5,INTERRAPIDISIMO,2025-05-06,00:10:00,Tuesday,5,2025
111862513,40077670,40077670.0,ENTRADA,ASOCIADO A ORDEN,GANANCIA,27562.0,480054.61,True,False,64900.0,27562.0,DOMINA,2025-05-06,00:09:00,Tuesday,5,2025
111783918,40191999,40191999.0,SALIDA,ASOCIADO A ORDEN,FLETE,8000.0,452492.61,False,True,64900.0,34900.0,JAMV-DRIVE,2025-05-05,12:03:00,Monday,5,2025
111710474,40336818,40336818.0,ENTRADA,ASOCIADO A ORDEN,GANANCIA,34900.0,460492.61,True,False,64900.0,34900.0,JAMV-DRIVE,2025-05-04,02:39:00,Sunday,5,2025
111708869,40325370,40325370.0,ENTRADA,ASOCIADO A ORDEN,GANANCIA,34900.0,425592.61,True,False,64900.0,34900.0,JAMV-DRIVE,2025-05-04,02:39:00,Sunday,5,2025
111691565,40232283,40232283.0,ENTRADA,ASOCIADO A ORDEN,GANANCIA,26779.5,390692.61,True,False,64900.0,26779.5,INTERRAPIDISIMO,2025-05-04,02:36:00,Sunday,5,2025
111686199,40207706,40207706.0,ENTRADA,ASOCIADO A ORDEN,GANANCIA,26779.5,363913.11,True,False,64900.0,26779.5,INTERRAPIDISIMO,2025-05-04,02:34:00,Sunday,5,2025
111642054,39998258,39998258.0,ENTRADA,ASOCIADO A ORDEN,GANANCIA,26779.5,337133.61,True,False,64900.0,26779.5,INTERRAPIDISIMO,2025-05-04,00:09:00,Sunday,5,2025
111569446,0,,SALIDA,RETIRO GENERAL,OTRO,700000.0,310354.11,False,True,,,,2025-05-03,07:06:00,Saturday,5,2025
111550348,40209100,40209100.0,ENTRADA,ASOCIADO A ORDEN,GANANCIA,32128.5,1010354.11,True,False,64900.0,32128.5,VELOCES,2025-05-03,04:31:00,Saturday,5,2025
111550327,40209039,40209039.0,ENTRADA,ASOCIADO A ORDEN,GANANCIA,32128.5,978225.61,True,False,64900.0,32128.5,VELOCES,2025-05-03,04:31:00,Saturday,5,2025
111548249,40203039,40203039.0,ENTRADA,ASOCIADO A ORDEN,GANANCIA,34900.0,946097.11,True,False,64900.0,34900.0,JAMV-DRIVE,2025-05-03,04:31:00,Saturday,5,2025
111542969,39465190,39465190.0,ENTRADA,ASOCIADO A ORDEN,GANANCIA,26779.5,911197.11,True,False,64900.0,26779.5,INTERRAPIDISIMO,2025-05-03,04:30:00,Saturday,5,2025
111530249,40165246,40165246.0,ENTRADA,ASOCIADO A ORDEN,GANANCIA,28124.02,884417.61,True,False,64900.0,28124.02,DOMINA,2025-05-03,02:40:00,Saturday,5,2025
111523682,40146465,40146465.0,ENTRADA,ASOCIADO A ORDEN,GANANCIA,31329.5,856293.59,True,False,64900.0,31329.5,INTERRAPIDISIMO,2025-05-03,02:39:00,Saturday,5,2025
111512861,40116110,40116110.0,ENTRADA,ASOCIADO A ORDEN,GANANCIA,46929.62,824964.09,True,False,103840.0,46929.62,DOMINA,2025-05-03,02:37:00,Saturday,5,2025
111512371,40114928,40114928.0,ENTRADA,ASOCIADO A ORDEN,GANANCIA,28124.02,778034.47,True,False,64900.0,28124.02,DOMINA,2025-05-03,02:37:00,Saturday,5,2025
111512266,40114633,40114633.0,ENTRADA,ASOCIADO A ORDEN,GANANCIA,28124.02,749910.4500000001,True,False,64900.0,28124.02,DOMINA,2025-05-03,02:37:00,Saturday,5,2025
111512175,40114412,40114412.0,ENTRADA,ASOCIADO A ORDEN,GANANCIA,28124.02,721786.43,True,False,64900.0,28124.02,DOMINA,2025-05-03,02:37:00,Saturday,5,2025
111512122,40114294,40114294.0,ENTRADA,ASOCIADO A ORDEN,GANANCIA,28124.02,693662.41,True,False,64900.0,28124.02,DOMINA,2025-05-03,02:37:00,Saturday,5,2025
111511994,40114031,40114031.0,ENTRADA,ASOCIADO A ORDEN,GANANCIA,46929.62,665538.39,True,False,103840.0,46929.62,DOMINA,2025-05-03,02:37:00,Saturday,5,2025
111511925,40113801,40113801.0,ENTRADA,ASOCIADO A ORDEN,GANANCIA,28124.02,618608.77,True,False,64900.0,28124.02,DOMINA,2025-05-03,02:37:00,Saturday,5,2025
111495487,40060321,40060321.0,ENTRADA,ASOCIADO A ORDEN,GANANCIA,26779.5,590484.75,True,False,64900.0,26779.5,INTERRAPIDISIMO,2025-05-03,02:33:00,Saturday,5,2025
111352675,39949028,39949028.0,ENTRADA,ASOCIADO A ORDEN,GANANCIA,30030.0,563705.25,True,False,64900.0,30030.0,99MINUTOS,2025-05-02,00:05:00,Friday,5,2025
111308757,0,,SALIDA,RETIRO GENERAL,OTRO,12500.0,533675.25,False,True,,,,2025-05-01,05:00:00,Thursday,5,2025
111248226,39996846,39996846.0,ENTRADA,ASOCIADO A ORDEN,GANANCIA,43967.2,546175.25,True,False,103840.0,43967.2,INTERRAPIDISIMO,2025-05-01,02:37:00,Thursday,5,2025
111069666,39951666,39951666.0,ENTRADA,ASOCIADO A ORDEN,GANANCIA,54956.95,502208.05,True,False,136290.0,54956.95,INTERRAPIDISIMO,2025-04-30,02:41:00,Wednesday,4,2025
111069311,39950936,39950936.0,ENTRADA,ASOCIADO A ORDEN,GANANCIA,31329.5,447251.1,True,False,64900.0,31329.5,INTERRAPIDISIMO,2025-04-30,02:41:00,Wednesday,4,2025
111039435,39866596,39866596.0,ENTRADA,ASOCIADO A ORDEN,GANANCIA,26779.5,415921.6,True,False,64900.0,26779.5,INTERRAPIDISIMO,2025-04-30,02:34:00,Wednesday,4,2025
111037778,39860846,39860846.0,ENTRADA,ASOCIADO A ORDEN,GANANCIA,30030.0,389142.1,True,False,64900.0,30030.0,99MINUTOS,2025-04-30,02:34:00,Wednesday,4,2025
111000152,39663596,39663596.0,ENTRADA,ASOCIADO A ORDEN,GANANCIA,31329.5,359112.1,True,False,64900.0,31329.5,INTERRAPIDISIMO,2025-04-30,00:10:00,Wednesday,4,2025
110759388,39429351,39429351.0,ENTRADA,ASOCIADO A ORDEN,GANANCIA,26779.5,327782.6,True,False,64900.0,26779.5,INTERRAPIDISIMO,2025-04-29,00:07:00,Tuesday,4,2025
110578473,39578284,39578284.0,ENTRADA,ASOCIADO A ORDEN,GANANCIA,26779.5,301003.1,True,False,64900.0,26779.5,INTERRAPIDISIMO,2025-04-27,00:08:00,Sunday,4,2025
110530913,39980426,39980426.0,SALIDA,ASOCIADO A ORDEN,NUEVA ORDEN,27450.0,274223.6,False,True,27450.0,0.0,INTERRAPIDISIMO,2025-04-26,13:30:00,Saturday,4,2025
110429819,39526699,39526699.0,ENTRADA,ASOCIADO A ORDEN,GANANCIA,48517.2,301673.6,True,False,103840.0,48517.2,INTERRAPIDISIMO,2025-04-26,02:31:00,Saturday,4,2025
110383842,39281655,39281655.0,ENTRADA,ASOCIADO A ORDEN,GANANCIA,31554.5,253156.4,True,False,69900.0,31554.5,INTERRAPIDISIMO,2025-04-26,00:05:00,Saturday,4,2025
109876544,39400397,39400397.0,ENTRADA,ASOCIADO A ORDEN,GANANCIA,26779.5,221601.9,True,False,64900.0,26779.5,INTERRAPIDISIMO,2025-04-23,02:35:00,Wednesday,4,2025
109871477,39375257,39375257.0,ENTRADA,ASOCIADO A ORDEN,GANANCIA,31329.5,194822.4,True,False,64900.0,31329.5,INTERRAPIDISIMO,2025-04-23,02:34:00,Wednesday,4,2025
109772177,0,,SALIDA,RETIRO GENERAL,OTRO,14000.0,163492.9,False,True,,,,2025-04-22,15:31:00,Tuesday,4,2025
109772074,0,,SALIDA,RETIRO GENERAL,OTRO,86000.0,177492.90000000002,False,True,,,,2025-04-22,15:26:00,Tuesday,4,2025
109734797,39392761,39392761.0,ENTRADA,ASOCIADO A ORDEN,GANANCIA,34900.0,263492.9,True,False,64900.0,34900.0,JAMV-DRIVE,2025-04-22,02:39:00,Tuesday,4,2025
109734231,39386091,39386091.0,ENTRADA,ASOCIADO A ORDEN,GANANCIA,34900.0,228592.9,True,False,64900.0,34900.0,JAMV-DRIVE,2025-04-22,02:39:00,Tuesday,4,2025
109308576,39269145,39269145.0,ENTRADA,ASOCIADO A ORDEN,GANANCIA,39900.0,193692.9,True,False,69900.0,39900.0,JAMV-DRIVE,2025-04-17,02:45:00,Thursday,4,2025
108386147,0,,SALIDA,RETIRO GENERAL,OTRO,180000.0,153792.90000000002,False,True,,,,2025-04-11,18:22:00,Friday,4,2025
108385765,0,,ENTRADA,INGRESO GENERAL,OTRO,180000.0,333792.9,True,False,,,,2025-04-11,18:19:00,Friday,4,2025
108385336,0,,SALIDA,RETIRO GENERAL,OTRO,12500.0,153792.9,False,True,,,,2025-04-11,18:13:00,Friday,4,2025
108279668,38639978,38639978.0,ENTRADA,ASOCIADO A ORDEN,GANANCIA,41792.9,166292.9,True,False,89900.0,41792.9,FUTURA,2025-04-11,02:32:00,Friday,4,2025
106994354,38128117,,ENTRADA,ASOCIADO A ORDEN,GANANCIA,24500.0,124500.0,True,False,,,,2025-04-03,00:19:00,Thursday,4,2025
